{
	"groups": [
		{
			"groupId": 1,
			"groupName": "Ad Blocking",
			"displayNumber": 1
		},
		{
			"groupId": 2,
			"groupName": "Privacy",
			"displayNumber": 2
		},
		{
			"groupId": 3,
			"groupName": "Social Widgets",
			"displayNumber": 3
		},
		{
			"groupId": 4,
			"groupName": "Annoyances",
			"displayNumber": 4
		},
		{
			"groupId": 5,
			"groupName": "Security",
			"displayNumber": 5
		},
		{
			"groupId": 6,
			"groupName": "Other",
			"displayNumber": 6
		},
		{
			"groupId": 7,
			"groupName": "Language-specific",
			"displayNumber": 7
		}
	],
	"tags": [
		{
			"tagId": 1,
			"keyword": "purpose:ads"
		},
		{
			"tagId": 2,
			"keyword": "purpose:privacy"
		},
		{
			"tagId": 3,
			"keyword": "purpose:social"
		},
		{
			"tagId": 4,
			"keyword": "purpose:security"
		},
		{
			"tagId": 5,
			"keyword": "purpose:annoyances"
		},
		{
			"tagId": 6,
			"keyword": "purpose:cookies"
		},
		{
			"tagId": 7,
			"keyword": "lang:en"
		},
		{
			"tagId": 8,
			"keyword": "lang:ru"
		},
		{
			"tagId": 9,
			"keyword": "reference:101"
		},
		{
			"tagId": 10,
			"keyword": "recommended"
		},
		{
			"tagId": 11,
			"keyword": "reference:2"
		},
		{
			"tagId": 12,
			"keyword": "lang:de"
		},
		{
			"tagId": 13,
			"keyword": "reference:107"
		},
		{
			"tagId": 14,
			"keyword": "lang:ja"
		},
		{
			"tagId": 15,
			"keyword": "lang:nl"
		},
		{
			"tagId": 16,
			"keyword": "reference:106"
		},
		{
			"tagId": 17,
			"keyword": "lang:es"
		},
		{
			"tagId": 18,
			"keyword": "lang:pt"
		},
		{
			"tagId": 19,
			"keyword": "platform:mobile"
		},
		{
			"tagId": 20,
			"keyword": "purpose:unbreak"
		},
		{
			"tagId": 21,
			"keyword": "platform:ios"
		},
		{
			"tagId": 22,
			"keyword": "platform:ext_safari"
		},
		{
			"tagId": 23,
			"keyword": "platform:ext_android_cb"
		},
		{
			"tagId": 24,
			"keyword": "lang:tr"
		},
		{
			"tagId": 25,
			"keyword": "reference:3"
		},
		{
			"tagId": 26,
			"keyword": "reference:11"
		},
		{
			"tagId": 27,
			"keyword": "lang:fr"
		},
		{
			"tagId": 28,
			"keyword": "reference:113"
		},
		{
			"tagId": 29,
			"keyword": "lang:id"
		},
		{
			"tagId": 30,
			"keyword": "lang:bg"
		},
		{
			"tagId": 31,
			"keyword": "lang:zh"
		},
		{
			"tagId": 32,
			"keyword": "lang:cs"
		},
		{
			"tagId": 33,
			"keyword": "lang:sk"
		},
		{
			"tagId": 34,
			"keyword": "lang:he"
		},
		{
			"tagId": 35,
			"keyword": "lang:it"
		},
		{
			"tagId": 36,
			"keyword": "lang:lv"
		},
		{
			"tagId": 37,
			"keyword": "lang:lt"
		},
		{
			"tagId": 38,
			"keyword": "lang:ar"
		},
		{
			"tagId": 39,
			"keyword": "lang:ro"
		},
		{
			"tagId": 40,
			"keyword": "lang:fi"
		},
		{
			"tagId": 41,
			"keyword": "lang:pl"
		},
		{
			"tagId": 42,
			"keyword": "lang:is"
		},
		{
			"tagId": 43,
			"keyword": "lang:no"
		},
		{
			"tagId": 44,
			"keyword": "lang:el"
		},
		{
			"tagId": 45,
			"keyword": "problematic"
		},
		{
			"tagId": 46,
			"keyword": "obsolete"
		},
		{
			"tagId": 47,
			"keyword": "lang:cz"
		},
		{
			"tagId": 48,
			"keyword": "lang:hu"
		},
		{
			"tagId": 49,
			"keyword": "lang:da"
		},
		{
			"tagId": 50,
			"keyword": "purpose:antiadblock"
		},
		{
			"tagId": 51,
			"keyword": "purpose:cookienotices"
		},
		{
			"tagId": 52,
			"keyword": "lang:vi"
		},
		{
			"tagId": 53,
			"keyword": "lang:et"
		},
		{
			"tagId": 54,
			"keyword": "lang:fa"
		},
		{
			"tagId": 55,
			"keyword": "lang:sv"
		},
		{
			"tagId": 56,
			"keyword": "lang:ko"
		},
		{
			"tagId": 57,
			"keyword": "reference:114"
		},
		{
			"tagId": 58,
			"keyword": "reference:118"
		},
		{
			"tagId": 59,
			"keyword": "reference:102"
		},
		{
			"tagId": 60,
			"keyword": "reference:13"
		},
		{
			"tagId": 61,
			"keyword": "reference:16"
		},
		{
			"tagId": 62,
			"keyword": "reference:237"
		},
		{
			"tagId": 63,
			"keyword": "lang:fo"
		}
	],
	"filters": [
		{
			"filterId": 101,
			"name": "EasyList",
			"description": "EasyList is the primary subscription that removes adverts from web pages in English language.",
			"timeAdded": "2014-06-30T10:56:55+0300",
			"homepage": "https://easylist.to/",
			"expires": 172800,
			"displayNumber": 3,
			"groupId": 1,
			"subscriptionUrl": "https://easylist.to/easylist/easylist.txt",
			"version": "2.0.34.4",
			"timeUpdated": "2019-06-28T15:00:17+0300",
			"languages": [],
			"tags": [
				1
			]
		},
		{
			"filterId": 102,
			"name": "ABPindo",
			"description": "Bahasa Indonesia supplement for EasyList.",
			"timeAdded": "2014-06-30T10:56:55+0300",
			"homepage": "http://abpindo.blogspot.com/",
			"expires": 172800,
			"displayNumber": 2,
			"groupId": 7,
			"subscriptionUrl": "https://raw.githubusercontent.com/ABPindo/indonesianadblockrules/master/subscriptions/abpindo.txt",
			"version": "2.0.1.84",
			"timeUpdated": "2019-06-25T12:00:19+0300",
			"languages": [
				"id"
			],
			"tags": [
				1,
				9,
				10,
				29
			]
		},
		{
			"filterId": 103,
			"name": "Bulgarian list",
			"description": "български supplement for EasyList.",
			"timeAdded": "2014-06-30T10:56:55+0300",
			"homepage": "http://stanev.org/abp/",
			"expires": 172800,
			"displayNumber": 2,
			"groupId": 7,
			"subscriptionUrl": "http://stanev.org/abp/adblock_bg.txt",
			"version": "2.0.0.24",
			"timeUpdated": "2019-03-18T18:00:17+0300",
			"languages": [
				"bg"
			],
			"tags": [
				1,
				9,
				10,
				30
			]
		},
		{
			"filterId": 104,
			"name": "EasyList China",
			"description": "中文 supplement for EasyList",
			"timeAdded": "2014-06-30T10:56:55+0300",
			"homepage": "http://abpchina.org/forum/",
			"expires": 172800,
			"displayNumber": 2,
			"groupId": 7,
			"subscriptionUrl": "https://easylist-downloads.adblockplus.org/easylistchina.txt",
			"version": "2.0.42.72",
			"timeUpdated": "2019-06-28T15:00:21+0300",
			"languages": [
				"zh"
			],
			"tags": [
				1,
				9,
				10,
				31
			]
		},
		{
			"filterId": 105,
			"name": "EasyList Czech and Slovak",
			"description": "čeština, slovenčina supplement for EasyList",
			"timeAdded": "2014-06-30T10:56:55+0300",
			"homepage": "https://github.com/tomasko126/easylistczechandslovak",
			"expires": 172800,
			"displayNumber": 2,
			"groupId": 7,
			"subscriptionUrl": "https://raw.githubusercontent.com/tomasko126/easylistczechandslovak/master/filters.txt",
			"version": "2.0.1.26",
			"timeUpdated": "2019-06-27T21:00:24+0300",
			"languages": [
				"cs",
				"sk"
			],
			"tags": [
				1,
				9,
				10,
				32,
				33
			]
		},
		{
			"filterId": 106,
			"name": "EasyList Dutch",
			"description": "Nederlands supplement for EasyList",
			"timeAdded": "2014-06-30T10:56:55+0300",
			"homepage": "https://easylist.to/",
			"expires": 172800,
			"displayNumber": 2,
			"groupId": 7,
			"subscriptionUrl": "https://easylist-downloads.adblockplus.org/easylistdutch.txt",
			"version": "2.0.42.71",
			"timeUpdated": "2019-06-28T15:00:22+0300",
			"languages": [],
			"tags": [
				1,
				9,
				15
			]
		},
		{
			"filterId": 107,
			"name": "EasyList Germany",
			"description": "Deutsch supplement for EasyList",
			"timeAdded": "2014-06-30T10:56:55+0300",
			"homepage": "https://easylist.to/",
			"expires": 172800,
			"displayNumber": 2,
			"groupId": 7,
			"subscriptionUrl": "https://easylist.to/easylistgermany/easylistgermany.txt",
			"version": "2.0.2.15",
			"timeUpdated": "2019-06-25T21:00:34+0300",
			"languages": [],
			"tags": [
				1,
				9,
				12
			]
		},
		{
			"filterId": 108,
			"name": "EasyList Hebrew",
			"description": "Supplement for EasyList. Language: עברית",
			"timeAdded": "2014-06-30T10:56:55+0300",
			"homepage": "https://github.com/easylist/EasyListHebrew",
			"expires": 172800,
			"displayNumber": 2,
			"groupId": 7,
			"subscriptionUrl": "https://raw.githubusercontent.com/easylist/EasyListHebrew/master/EasyListHebrew.txt",
			"version": "2.0.1.91",
			"timeUpdated": "2019-06-27T21:00:27+0300",
			"languages": [
				"he"
			],
			"tags": [
				1,
				9,
				10,
				34
			]
		},
		{
			"filterId": 109,
			"name": "EasyList Italy",
			"description": "italiano supplement for EasyList",
			"timeAdded": "2014-06-30T10:56:55+0300",
			"homepage": "https://easylist.to/",
			"expires": 172800,
			"displayNumber": 2,
			"groupId": 7,
			"subscriptionUrl": "https://easylist-downloads.adblockplus.org/easylistitaly.txt",
			"version": "2.0.42.71",
			"timeUpdated": "2019-06-28T15:00:25+0300",
			"languages": [
				"it"
			],
			"tags": [
				1,
				9,
				10,
				35
			]
		},
		{
			"filterId": 110,
			"name": "EasyList Lithuania",
			"description": "lietuvių kalba supplement for EasyList",
			"timeAdded": "2014-06-30T10:56:55+0300",
			"homepage": "http://margevicius.lt/",
			"expires": 172800,
			"displayNumber": 2,
			"groupId": 7,
			"subscriptionUrl": "https://raw.githubusercontent.com/EasyList-Lithuania/easylist_lithuania/master/easylistlithuania.txt",
			"version": "2.0.1.14",
			"timeUpdated": "2019-02-27T12:00:23+0300",
			"languages": [
				"lt"
			],
			"tags": [
				1,
				9,
				10,
				37
			]
		},
		{
			"filterId": 111,
			"name": "Latvian List",
			"description": "latviešu valoda supplement for EasyList",
			"timeAdded": "2014-06-30T10:56:55+0300",
			"homepage": "https://notabug.org/latvian-list/adblock-latvian",
			"expires": 172800,
			"displayNumber": 2,
			"groupId": 7,
			"subscriptionUrl": "https://notabug.org/latvian-list/adblock-latvian/raw/master/lists/latvian-list.txt",
			"version": "2.0.0.35",
			"timeUpdated": "2019-03-05T12:00:34+0300",
			"languages": [
				"lv"
			],
			"tags": [
				1,
				9,
				10,
				36
			]
		},
		{
			"filterId": 112,
			"name": "Liste AR",
			"description": "Supplement for EasyList. Language: العربية",
			"timeAdded": "2014-06-30T10:56:55+0300",
			"homepage": "https://code.google.com/p/liste-ar-adblock/",
			"expires": 172800,
			"displayNumber": 2,
			"groupId": 7,
			"subscriptionUrl": "https://liste-ar-adblock.googlecode.com/hg/Liste_AR.txt",
			"version": "2.0.42.71",
			"timeUpdated": "2019-06-28T15:00:33+0300",
			"languages": [
				"ar"
			],
			"tags": [
				1,
				9,
				10,
				38
			]
		},
		{
			"filterId": 113,
			"name": "Liste FR",
			"description": "français supplement for EasyList",
			"timeAdded": "2014-06-30T10:56:55+0300",
			"homepage": "http://adblock-listefr.com/",
			"expires": 172800,
			"displayNumber": 2,
			"groupId": 7,
			"subscriptionUrl": "https://easylist-downloads.adblockplus.org/liste_fr.txt",
			"version": "2.0.42.71",
			"timeUpdated": "2019-06-28T15:00:35+0300",
			"languages": [],
			"tags": [
				1,
				9,
				27
			]
		},
		{
			"filterId": 114,
			"name": "ROList",
			"description": "românesc supplement for EasyList",
			"timeAdded": "2014-06-30T10:56:55+0300",
			"homepage": "http://www.zoso.ro/rolist",
			"expires": 172800,
			"displayNumber": 2,
			"groupId": 7,
			"subscriptionUrl": "http://www.zoso.ro/pages/rolist.txt",
			"version": "2.0.0.39",
			"timeUpdated": "2019-06-05T21:00:29+0300",
			"languages": [],
			"tags": [
				1,
				9,
				39
			]
		},
		{
			"filterId": 115,
			"name": "RU AdList",
			"description": "Дополнительная подписка к EasyList для русскоязычных сайтов",
			"timeAdded": "2014-06-30T10:56:55+0300",
			"homepage": "https://forums.lanik.us/viewforum.php?f=102",
			"expires": 172800,
			"displayNumber": 2,
			"groupId": 7,
			"subscriptionUrl": "https://easylist-downloads.adblockplus.org/advblock+cssfixes.txt",
			"version": "2.0.42.71",
			"timeUpdated": "2019-06-28T15:00:45+0300",
			"languages": [],
			"tags": [
				1,
				8,
				9
			]
		},
		{
			"filterId": 116,
			"name": "(Obsolete) Wiltteri",
			"description": "Finnish supplement list for EasyList",
			"timeAdded": "2014-06-30T10:56:55+0300",
			"homepage": "https://github.com/wiltteri/",
			"expires": 172800,
			"displayNumber": 100,
			"groupId": 7,
			"subscriptionUrl": "https://raw.githubusercontent.com/wiltteri/wiltteri.txt/master/wiltteri.txt",
			"version": "1.0.1.71",
			"timeUpdated": "2017-12-04T14:19:37+0300",
			"languages": [],
			"tags": [
				1,
				9,
				40,
				46
			]
		},
		{
			"filterId": 117,
			"name": "Polskie Filtry Wewnętrzne",
			"description": "Polskie Filtry Wewnętrzne",
			"timeAdded": "2014-06-30T10:56:55+0300",
			"homepage": "https://github.com/KonoromiHimaries/PolishSubFilters",
			"expires": 172800,
			"displayNumber": 100,
			"groupId": 7,
			"subscriptionUrl": "https://raw.githubusercontent.com/KonoromiHimaries/PolishSubFilters/master/internal-filters/wewnetrzne.txt",
			"version": "1.0.2.4",
			"timeUpdated": "2019-06-26T21:00:42+0300",
			"languages": [],
			"tags": [
				5,
				9,
				41
			]
		},
		{
			"filterId": 118,
			"name": "EasyPrivacy",
			"description": "Privacy protection supplement for EasyList.",
			"timeAdded": "2014-06-30T10:56:55+0300",
			"homepage": "https://easylist.to/",
			"expires": 172800,
			"displayNumber": 2,
			"groupId": 2,
			"subscriptionUrl": "https://easylist.to/easylist/easyprivacy.txt",
			"version": "2.0.36.74",
			"timeUpdated": "2019-06-28T15:00:47+0300",
			"languages": [],
			"tags": [
				2
			]
		},
		{
			"filterId": 119,
			"name": "Icelandic ABP List",
			"description": "íslenska supplement for EasyList",
			"timeAdded": "2014-06-30T10:56:55+0300",
			"homepage": "http://adblock.gardar.net/",
			"expires": 172800,
			"displayNumber": 100,
			"groupId": 7,
			"subscriptionUrl": "https://adblock.gardar.net/is.abp.txt",
			"version": "2.0.0.1",
			"timeUpdated": "2017-12-04T14:19:37+0300",
			"languages": [
				"is"
			],
			"tags": [
				1,
				9,
				10,
				42
			]
		},
		{
			"filterId": 120,
			"name": "(Obsolete) Norsk adblockliste",
			"description": "norsk supplement for EasyList",
			"timeAdded": "2014-06-30T10:56:55+0300",
			"homepage": "http://home.fredfiber.no/langsholt/",
			"expires": 172800,
			"displayNumber": 100,
			"groupId": 7,
			"subscriptionUrl": "http://home.fredfiber.no/langsholt/adblock.txt",
			"version": "1.0.0.1",
			"timeUpdated": "2017-12-04T14:19:37+0300",
			"languages": [],
			"tags": [
				1,
				9,
				43,
				46
			]
		},
		{
			"filterId": 121,
			"name": "Greek AdBlock Filter",
			"description": "ελληνικά supplement for EasyList",
			"timeAdded": "2014-06-30T10:56:55+0300",
			"homepage": "https://github.com/kargig/greek-adblockplus-filter",
			"expires": 172800,
			"displayNumber": 2,
			"groupId": 7,
			"subscriptionUrl": "https://www.void.gr/kargig/void-gr-filters.txt",
			"version": "2.0.0.38",
			"timeUpdated": "2019-04-13T21:00:40+0300",
			"languages": [],
			"tags": [
				1,
				9,
				44
			]
		},
		{
			"filterId": 122,
			"name": "Fanboy's Annoyances",
			"description": "removes online annoyances (includes Fanboy's Social Blocking List) — supplement for EasyList",
			"timeAdded": "2014-06-30T10:56:55+0300",
			"homepage": "https://easylist.to/",
			"expires": 172800,
			"displayNumber": 2,
			"groupId": 4,
			"subscriptionUrl": "https://easylist-downloads.adblockplus.org/fanboy-annoyance.txt",
			"version": "2.0.34.3",
			"timeUpdated": "2019-06-28T15:00:54+0300",
			"languages": [],
			"tags": [
				5,
				9
			]
		},
		{
			"filterId": 123,
			"name": "Fanboy's Social Blocking List",
			"description": "removes social media integration — supplement for EasyList",
			"timeAdded": "2014-06-30T10:56:55+0300",
			"homepage": "https://easylist.to/",
			"expires": 172800,
			"displayNumber": 2,
			"groupId": 3,
			"subscriptionUrl": "https://easylist-downloads.adblockplus.org/fanboy-social.txt",
			"version": "2.0.34.1",
			"timeUpdated": "2019-06-28T15:00:56+0300",
			"languages": [],
			"tags": [
				3,
				9
			]
		},
		{
			"filterId": 200,
			"name": "ABP Japanese Filters",
			"description": "日本語",
			"timeAdded": "2014-06-30T10:56:55+0300",
			"homepage": "https://code.google.com/p/adblock-plus-japanese-filter/",
			"expires": 172800,
			"displayNumber": 100,
			"groupId": 7,
			"subscriptionUrl": "https://raw.githubusercontent.com/k2jp/abp-japanese-filters/master/abpjf.txt",
			"version": "2.0.0.80",
			"timeUpdated": "2019-06-26T15:01:19+0300",
			"languages": [],
			"tags": [
				1,
				2,
				14,
				45
			]
		},
		{
			"filterId": 201,
			"name": "Web Annoyances Ultralist",
			"description": "Block annoying web elements and reclaim lost screen real estate.",
			"timeAdded": "2019-06-11T13:27:09+0300",
			"homepage": "https://github.com/yourduskquibbles/webannoyances/",
			"expires": 172800,
			"displayNumber": 2,
			"groupId": 4,
			"subscriptionUrl": "https://raw.githubusercontent.com/yourduskquibbles/webannoyances/master/ultralist.txt",
			"version": "1.0.0.33",
			"timeUpdated": "2019-06-28T09:00:49+0300",
			"languages": [],
			"tags": [
				5
			]
		},
		{
			"filterId": 202,
			"name": "Filtros Nauscopicos",
			"description": "español",
			"timeAdded": "2014-06-30T10:56:55+0300",
			"homepage": "http://nauscopio.nireblog.com/cat/filtrado",
			"expires": 172800,
			"displayNumber": 2,
			"groupId": 7,
			"subscriptionUrl": "http://abp.mozilla-hispano.org/nauscopio/filtros.txt",
			"version": "2.0.0.22",
			"timeUpdated": "2019-02-28T21:20:34+0300",
			"languages": [],
			"tags": [
				1,
				17
			]
		},
		{
			"filterId": 203,
			"name": "hufilter",
			"description": "magyar",
			"timeAdded": "2014-06-30T10:56:55+0300",
			"homepage": "https://github.com/hufilter/hufilter/wiki",
			"expires": 172800,
			"displayNumber": 2,
			"groupId": 7,
			"subscriptionUrl": "https://raw.githubusercontent.com/hufilter/hufilter/master/hufilter.txt",
			"version": "2.0.0.56",
			"timeUpdated": "2019-06-23T12:00:57+0300",
			"languages": [],
			"tags": [
				1,
				48
			]
		},
		{
			"filterId": 204,
			"name": "Peter Lowe's list",
			"description": "English",
			"timeAdded": "2014-06-30T10:56:55+0300",
			"homepage": "http://pgl.yoyo.org/adservers/",
			"expires": 172800,
			"displayNumber": 4,
			"groupId": 1,
			"subscriptionUrl": "http://pgl.yoyo.org/adservers/serverlist.php?hostformat=adblockplus&mimetype=plaintext",
			"version": "2.0.2.79",
			"timeUpdated": "2019-06-28T15:01:05+0300",
			"languages": [],
			"tags": [
				1,
				7
			]
		},
		{
			"filterId": 205,
			"name": "(Obsolete) Schacks Adblock Plus liste",
			"description": "dansk",
			"timeAdded": "2014-06-30T10:56:55+0300",
			"homepage": "http://henrik.schack.dk/adblock/",
			"expires": 172800,
			"displayNumber": 2,
			"groupId": 7,
			"subscriptionUrl": "http://adblock.schack.dk/block.txt",
			"version": "2.0.0.27",
			"timeUpdated": "2019-02-28T21:20:36+0300",
			"languages": [],
			"tags": [
				1,
				49,
				46
			]
		},
		{
			"filterId": 206,
			"name": "Xfiles",
			"description": "italiano",
			"timeAdded": "2014-06-30T10:56:55+0300",
			"homepage": "http://noads.it/",
			"expires": 172800,
			"displayNumber": 2,
			"groupId": 7,
			"subscriptionUrl": "https://dl.dropboxusercontent.com/u/1289327/abpxfiles/filtri.txt",
			"version": "2.0.0.52",
			"timeUpdated": "2019-06-25T15:01:07+0300",
			"languages": [],
			"tags": [
				1,
				35
			]
		},
		{
			"filterId": 207,
			"name": "Adblock Warning Removal List",
			"description": "removes anti-adblock warnings and other obtrusive messages",
			"timeAdded": "2014-06-30T10:56:55+0300",
			"homepage": "https://easylist.to/",
			"expires": 172800,
			"displayNumber": 3,
			"groupId": 4,
			"subscriptionUrl": "https://easylist-downloads.adblockplus.org/antiadblockfilters.txt",
			"version": "2.0.42.71",
			"timeUpdated": "2019-06-28T15:01:08+0300",
			"languages": [],
			"tags": [
				50
			]
		},
		{
			"filterId": 208,
			"name": "Malware Domains",
			"description": "malware protection",
			"timeAdded": "2014-06-30T10:56:55+0300",
			"homepage": "http://malwaredomains.com/",
			"expires": 172800,
			"displayNumber": 1,
			"groupId": 5,
			"subscriptionUrl": "https://easylist-downloads.adblockplus.org/malwaredomains_full.txt",
			"version": "2.0.42.72",
			"timeUpdated": "2019-06-28T15:01:10+0300",
			"languages": [],
			"tags": [
				4
			]
		},
		{
			"filterId": 209,
			"name": "(Obsolete) Prebake",
			"description": "Filters obtrusive EU cookie law notices",
			"timeAdded": "2014-06-30T10:56:55+0300",
			"homepage": "http://liamja.co.uk/Prebake/",
			"expires": 172800,
			"displayNumber": 100,
			"groupId": 4,
			"subscriptionUrl": "https://raw.githubusercontent.com/liamja/Prebake/master/obtrusive.txt",
			"version": "1.0.1.16",
			"timeUpdated": "2018-06-09T16:41:32+0300",
			"languages": [],
			"tags": [
				46,
				5
			]
		},
		{
			"filterId": 210,
			"name": "Spam404",
			"description": "This filter protects you from online scams",
			"timeAdded": "2014-06-30T10:56:55+0300",
			"homepage": "http://www.spam404.com/",
			"expires": 172800,
			"displayNumber": 2,
			"groupId": 5,
			"subscriptionUrl": "https://raw.githubusercontent.com/Spam404/lists/master/adblock-list.txt",
			"version": "2.0.1.32",
			"timeUpdated": "2019-06-21T18:01:03+0300",
			"languages": [],
			"tags": [
				4
			]
		},
		{
			"filterId": 211,
			"name": "(Obsolete) Anti-Adblock Killer | Reek",
			"description": "Anti-Adblock Killer | Filters for Adblockers",
			"timeAdded": "2014-06-30T10:56:55+0300",
			"homepage": "https://github.com/reek/anti-adblock-killer",
			"expires": 172800,
			"displayNumber": 100,
			"groupId": 4,
			"subscriptionUrl": "https://raw.githubusercontent.com/reek/anti-adblock-killer/master/anti-adblock-killer-filters.txt",
			"version": "1.0.1.69",
			"timeUpdated": "2017-12-04T14:19:37+0300",
			"languages": [],
			"tags": [
				46,
				50
			]
		},
		{
			"filterId": 212,
			"name": "RU AdList: Counters",
			"description": "Дополнение для блокировки счетчиков",
			"timeAdded": "2014-06-30T10:56:55+0300",
			"homepage": "https://forums.lanik.us/viewforum.php?f=102",
			"expires": 172800,
			"displayNumber": 2,
			"groupId": 7,
			"subscriptionUrl": "https://easylist-downloads.adblockplus.org/cntblock.txt",
			"version": "2.0.42.71",
			"timeUpdated": "2019-06-28T15:01:15+0300",
			"languages": [],
			"tags": [
				2,
				8
			]
		},
		{
			"filterId": 213,
			"name": "RU AdList: BitBlock",
			"description": "Дополнение для блокировки элементов сайтов, которые не относятся к основному содержимому сайта",
			"timeAdded": "2014-06-30T10:56:55+0300",
			"homepage": "https://forums.lanik.us/viewforum.php?f=102",
			"expires": 172800,
			"displayNumber": 2,
			"groupId": 7,
			"subscriptionUrl": "https://easylist-downloads.adblockplus.org/bitblock.txt",
			"version": "2.0.42.72",
			"timeUpdated": "2019-06-28T15:01:19+0300",
			"languages": [],
			"tags": [
				5,
				8,
				3
			]
		},
		{
			"filterId": 214,
			"name": "ABPVN List",
			"description": "vietnamese",
			"timeAdded": "2014-06-30T10:56:55+0300",
			"homepage": "http://abpvn.com/",
			"expires": 172800,
			"displayNumber": 2,
			"groupId": 7,
			"subscriptionUrl": "https://raw.githubusercontent.com/abpvn/abpvn/master/filter/abpvn.txt",
			"version": "2.0.4.42",
			"timeUpdated": "2019-06-27T15:01:02+0300",
			"languages": [],
			"tags": [
				1,
				52
			]
		},
		{
			"filterId": 215,
			"name": "Fanboy's Enhanced Tracking List",
			"description": "filters",
			"timeAdded": "2014-06-30T10:56:55+0300",
			"homepage": "https://secure.fanboy.co.nz/",
			"expires": 172800,
			"displayNumber": 3,
			"groupId": 2,
			"subscriptionUrl": "https://secure.fanboy.co.nz/enhancedstats.txt",
			"version": "2.0.3.14",
			"timeUpdated": "2019-06-23T06:01:03+0300",
			"languages": [],
			"tags": [
				2
			]
		},
		{
			"filterId": 216,
			"name": "Official Polish filters for AdBlock, uBlock Origin & AdGuard",
			"description": "Oficjalne polskie filtry do AdBlocka, uBlocka Origin i AdGuarda",
			"timeAdded": "2014-06-30T10:56:55+0300",
			"homepage": "https://github.com/MajkiIT/polish-ads-filter#polish-filters-for-adblock-ublock-origin--adguard",
			"expires": 172800,
			"displayNumber": 2,
			"groupId": 7,
			"subscriptionUrl": "https://raw.githubusercontent.com/MajkiIT/polish-ads-filter/master/polish-adblock-filters/adblock.txt",
			"version": "2.0.8.1",
			"timeUpdated": "2019-06-28T12:01:08+0300",
			"languages": [
				"pl"
			],
			"tags": [
				1,
				10,
				41
			]
		},
		{
			"filterId": 217,
			"name": "Polskie Filtry Ciasteczkowe",
			"description": "polski filtr cookies",
			"timeAdded": "2014-06-30T10:56:55+0300",
			"homepage": "https://github.com/MajkiIT/polish-ads-filter#polish-filters-for-adblock-ublock-origin--adguard",
			"expires": 172800,
			"displayNumber": 2,
			"groupId": 7,
			"subscriptionUrl": "https://raw.githubusercontent.com/MajkiIT/polish-ads-filter/master/cookies_filters/adblock_cookies.txt",
			"version": "2.0.2.58",
			"timeUpdated": "2019-06-26T21:01:20+0300",
			"languages": [],
			"tags": [
				6,
				41
			]
		},
		{
			"filterId": 218,
			"name": "Estonian List",
			"description": "Estonian filtr",
			"timeAdded": "2014-06-30T10:56:55+0300",
			"homepage": "http://adblock.ee/",
			"expires": 172800,
			"displayNumber": 2,
			"groupId": 7,
			"subscriptionUrl": "http://adblock.ee/list.php",
			"version": "2.0.3.10",
			"timeUpdated": "2019-04-27T03:47:46+0300",
			"languages": [],
			"tags": [
				1,
				53
			]
		},
		{
			"filterId": 219,
			"name": "ChinaList+EasyList",
			"description": "China List and Easy List",
			"timeAdded": "2014-06-30T10:56:55+0300",
			"homepage": "http://www.adtchrome.com/extension/adt-chinalist-easylist.html",
			"expires": 172800,
			"displayNumber": 2,
			"groupId": 7,
			"subscriptionUrl": "http://sub.adtchrome.com/adt-chinalist-easylist.txt",
			"version": "2.0.9.23",
			"timeUpdated": "2019-06-23T12:01:17+0300",
			"languages": [],
			"tags": [
				1,
				9,
				31
			]
		},
		{
			"filterId": 220,
			"name": "CJX's Annoyance List",
			"description": "CJX's Annoyance List",
			"timeAdded": "2014-06-30T10:56:55+0300",
			"homepage": "http://abpchina.org/forum/forum.php?mod=viewthread&tid=29667",
			"expires": 172800,
			"displayNumber": 2,
			"groupId": 7,
			"subscriptionUrl": "https://raw.githubusercontent.com/cjx82630/cjxlist/master/cjx-annoyance.txt",
			"version": "2.0.1.64",
			"timeUpdated": "2019-06-22T09:01:19+0300",
			"languages": [],
			"tags": [
				5,
				31
			]
		},
		{
			"filterId": 221,
			"name": "Polskie Filtry Społecznościowe",
			"description": "Polski social filtr",
			"timeAdded": "2014-06-30T10:56:55+0300",
			"homepage": "https://github.com/MajkiIT/polish-ads-filter#polish-filters-for-adblock-ublock-origin--adguard",
			"expires": 172800,
			"displayNumber": 2,
			"groupId": 7,
			"subscriptionUrl": "https://raw.githubusercontent.com/MajkiIT/polish-ads-filter/master/adblock_social_filters/adblock_social_list.txt",
			"version": "2.0.2.33",
			"timeUpdated": "2019-06-26T21:01:33+0300",
			"languages": [],
			"tags": [
				3,
				41
			]
		},
		{
			"filterId": 222,
			"name": "Adblock-Persian list",
			"description": "Adblock-Persian list",
			"timeAdded": "2014-06-30T10:56:55+0300",
			"homepage": "http://ideone.com/K452p",
			"expires": 172800,
			"displayNumber": 2,
			"groupId": 7,
			"subscriptionUrl": "http://ideone.com/plain/K452p",
			"version": "2.0.0.24",
			"timeUpdated": "2018-08-29T19:00:08+0300",
			"languages": [],
			"tags": [
				1,
				54
			]
		},
		{
			"filterId": 223,
			"name": "Fanboy's Swedish",
			"description": "Fanboy's Swedish",
			"timeAdded": "2014-06-30T10:56:55+0300",
			"homepage": "http://www.fanboy.co.nz/",
			"expires": 172800,
			"displayNumber": 2,
			"groupId": 7,
			"subscriptionUrl": "https://www.fanboy.co.nz/fanboy-swedish.txt",
			"version": "2.0.0.22",
			"timeUpdated": "2019-06-12T03:02:01+0300",
			"languages": [],
			"tags": [
				1,
				55
			]
		},
		{
			"filterId": 224,
			"name": "Korean Adblock List",
			"description": "Korean Adblock List",
			"timeAdded": "2014-06-30T10:56:55+0300",
			"homepage": "https://github.com/gfmaster/adblock-korea-contrib",
			"expires": 172800,
			"displayNumber": 2,
			"groupId": 7,
			"subscriptionUrl": "https://raw.githubusercontent.com/gfmaster/adblock-korea-contrib/master/filter.txt",
			"version": "2.0.0.26",
			"timeUpdated": "2019-02-28T21:21:04+0300",
			"languages": [],
			"tags": [
				1,
				56
			]
		},
		{
			"filterId": 225,
			"name": "Fanboy Anti-Facebook List",
			"description": "Warning, will break on facebook-based comment sites and may also break on some facebook apps or games.",
			"timeAdded": "2014-06-30T10:56:55+0300",
			"homepage": "http://www.fanboy.co.nz",
			"expires": 172800,
			"displayNumber": 4,
			"groupId": 2,
			"subscriptionUrl": "https://www.fanboy.co.nz/fanboy-antifacebook.txt",
			"version": "2.0.0.25",
			"timeUpdated": "2019-06-12T03:02:01+0300",
			"languages": [],
			"tags": [
				2,
				45
			]
		},
		{
			"filterId": 226,
			"name": "Fanboy's Vietnamese",
			"description": "Fanboy's Vietnamese",
			"timeAdded": "2014-06-30T10:56:55+0300",
			"homepage": "http://www.fanboy.co.nz/",
			"expires": 172800,
			"displayNumber": 2,
			"groupId": 7,
			"subscriptionUrl": "https://www.fanboy.co.nz/fanboy-vietnam.txt",
			"version": "2.0.0.22",
			"timeUpdated": "2019-06-12T03:02:02+0300",
			"languages": [],
			"tags": [
				1,
				52
			]
		},
		{
			"filterId": 227,
			"name": "List-KR",
			"description": "Filter that enables removing of ads, trackers, and various scripts from websites with Korean content. Based on Corset, Korean Adblock filter, Youslist. Combined and augmented with AdGuard-specific rules for enhanced filtering This filter is expected to be used alongside with English filter.",
			"timeAdded": "2014-06-30T10:56:55+0300",
			"homepage": "https://list-kr.github.io/",
			"expires": 172800,
			"displayNumber": 2,
			"groupId": 7,
			"subscriptionUrl": "https://raw.githubusercontent.com/List-KR/List-KR/master/filter.txt",
			"version": "2.0.1.55",
			"timeUpdated": "2019-06-28T15:01:38+0300",
			"languages": [
				"ko"
			],
			"tags": [
				1,
				2,
				11,
				56,
				10
			]
		},
		{
			"filterId": 228,
			"name": "xinggsf",
			"description": "One more China filter by",
			"timeAdded": "2014-06-30T10:56:55+0300",
			"homepage": "https://github.com/xinggsf/Adblock-Plus-Rule",
			"expires": 172800,
			"displayNumber": 2,
			"groupId": 7,
			"subscriptionUrl": "https://raw.githubusercontent.com/xinggsf/Adblock-Plus-Rule/master/ABP-FX.txt",
			"version": "2.0.0.78",
			"timeUpdated": "2019-06-11T18:01:42+0300",
			"languages": [],
			"tags": [
				1,
				31
			]
		},
		{
			"filterId": 229,
			"name": "I don't care about cookies",
			"description": "I don't care about cookies",
			"timeAdded": "2014-06-30T10:56:55+0300",
			"homepage": "https://www.i-dont-care-about-cookies.eu/",
			"expires": 172800,
			"displayNumber": 4,
			"groupId": 4,
			"subscriptionUrl": "https://www.i-dont-care-about-cookies.eu/abp/",
			"version": "2.0.0.49",
			"timeUpdated": "2019-05-17T12:01:24+0300",
			"languages": [],
			"tags": [
				6
			]
		},
		{
			"filterId": 230,
			"name": "FanboyEspanol",
			"description": "Fanboys Spanish/Portuguese",
			"timeAdded": "2014-06-30T10:56:55+0300",
			"homepage": "https://adblockplus.org/subscriptions",
			"expires": 172800,
			"displayNumber": 2,
			"groupId": 7,
			"subscriptionUrl": "http://fanboy.co.nz/fanboy-espanol.txt",
			"version": "2.0.0.23",
			"timeUpdated": "2019-06-12T03:02:07+0300",
			"languages": [],
			"tags": [
				1,
				17
			]
		},
		{
			"filterId": 231,
			"name": "Easylist Spanish",
			"description": "EasyList Spanish filter subscription",
			"timeAdded": "2014-06-30T10:56:55+0300",
			"homepage": "https://hg.adblockplus.org/easylistspanish",
			"expires": 172800,
			"displayNumber": 2,
			"groupId": 7,
			"subscriptionUrl": "https://easylist-downloads.adblockplus.org/easylistspanish.txt",
			"version": "2.0.42.71",
			"timeUpdated": "2019-06-28T15:01:43+0300",
			"languages": [],
			"tags": [
				1,
				9,
				17
			]
		},
		{
			"filterId": 232,
			"name": "KAD - Przekręty",
			"description": "Filtr chroniący przed przekrętami takimi jak subskrypcje SMS",
			"timeAdded": "2014-06-30T10:56:55+0300",
			"homepage": "https://kadantiscam.netlify.com/",
			"expires": 172800,
			"displayNumber": 2,
			"groupId": 7,
			"subscriptionUrl": "https://raw.githubusercontent.com/PolishFiltersTeam/KAD/master/KAD.txt",
			"version": "2.0.1.85",
			"timeUpdated": "2019-06-28T00:01:31+0300",
			"languages": [],
			"tags": [
				4,
				41
			]
		},
		{
			"filterId": 233,
			"name": "Adblock List for Finland",
			"description": "Finnish adblock list",
			"timeAdded": "2014-06-30T10:56:55+0300",
			"homepage": "https://github.com/theel0ja/finnish-easylist-addition",
			"expires": 172800,
			"displayNumber": 2,
			"groupId": 7,
			"subscriptionUrl": "https://raw.githubusercontent.com/theel0ja/finnish-easylist-addition/master/Finland_adb.txt",
			"version": "2.0.1.35",
			"timeUpdated": "2019-06-20T03:01:45+0300",
			"languages": [
				"fi"
			],
			"tags": [
				1,
				10,
				40
			]
		},
		{
			"filterId": 234,
			"name": "ROLIST2",
			"description": "This is a complementary list for RoList with annoyances that are not necessarily banners",
			"timeAdded": "2014-06-30T10:56:55+0300",
			"homepage": "https://zoso.ro/rolist/",
			"expires": 172800,
			"displayNumber": 2,
			"groupId": 7,
			"subscriptionUrl": "https://www.zoso.ro/pages/rolist2.txt",
			"version": "2.0.0.29",
			"timeUpdated": "2019-05-08T09:01:53+0300",
			"languages": [],
			"tags": [
				5,
				39,
				57
			]
		},
		{
			"filterId": 235,
			"name": "Iranian filter",
			"description": "Adblock Iran filter",
			"timeAdded": "2014-06-30T10:56:55+0300",
			"homepage": "https://github.com/farrokhi/adblock-iran",
			"expires": 172800,
			"displayNumber": 2,
			"groupId": 7,
			"subscriptionUrl": "https://gitcdn.xyz/repo/farrokhi/adblock-iran/master/filter.txt",
			"version": "2.0.0.87",
			"timeUpdated": "2019-05-22T12:01:28+0300",
			"languages": [],
			"tags": [
				1,
				54
			]
		},
		{
			"filterId": 236,
			"name": "road-block",
			"description": "Romanian Ad (ROad) filter subscription",
			"timeAdded": "2014-06-30T10:56:55+0300",
			"homepage": "https://github.com/tcptomato/ROad-Block",
			"expires": 172800,
			"displayNumber": 2,
			"groupId": 7,
			"subscriptionUrl": "https://raw.githubusercontent.com/tcptomato/ROad-Block/master/road-block-filters.txt",
			"version": "2.0.0.59",
			"timeUpdated": "2019-06-18T18:01:46+0300",
			"languages": [],
			"tags": [
				1,
				39
			]
		},
		{
			"filterId": 237,
			"name": "Polskie Filtry Elementów Irytujących",
			"description": "Filters that hide and block pop-ups, widgets, newsletters, push notifications, arrows and other irritating elements (include Polish Cookies Filters)",
			"timeAdded": "2018-02-14T22:15:35+0300",
			"homepage": "https://polishannoyancefilters.netlify.com",
			"expires": 172800,
			"displayNumber": 2,
			"groupId": 7,
			"subscriptionUrl": "https://raw.githubusercontent.com/PolishFiltersTeam/PolishAnnoyanceFilters/master/PPB.txt",
			"version": "1.0.10.40",
			"timeUpdated": "2019-06-28T15:01:48+0300",
			"languages": [],
			"tags": [
				41,
				5
			]
		},
		{
			"filterId": 238,
			"name": "Polish Anti Adblock Filters",
			"description": "Oficjalne polskie filtry przeciwko alertom o Adblocku",
			"timeAdded": "2014-06-30T10:56:55+0300",
			"homepage": "https://github.com/olegwukr/polish-privacy-filters",
			"expires": 172800,
			"displayNumber": 2,
			"groupId": 7,
			"subscriptionUrl": "https://raw.githubusercontent.com/olegwukr/polish-privacy-filters/master/anti-adblock.txt",
			"version": "2.0.1.35",
			"timeUpdated": "2019-06-28T00:01:36+0300",
			"languages": [],
			"tags": [
				50,
				41
			]
		},
		{
			"filterId": 239,
			"name": "Fanboy's Anti-thirdparty Fonts",
			"description": "A filter to block third-party fonts. (May break the look and design of some websites)",
			"timeAdded": "2014-06-30T10:56:55+0300",
			"homepage": "http://www.fanboy.co.nz/",
			"expires": 172800,
			"displayNumber": 5,
			"groupId": 2,
			"subscriptionUrl": "https://fanboy.co.nz/fanboy-antifonts.txt",
			"version": "2.0.0.25",
			"timeUpdated": "2019-06-12T03:02:13+0300",
			"languages": [],
			"tags": [
				2,
				45
			]
		},
		{
			"filterId": 240,
			"name": "BarbBlock",
			"description": "BarbBlock is a content blocking list with standalone browser extensions for Chrome and Firefox. It blacklists sites which have used DMCA takedowns to force removal from other content blocking lists. Such takedowns are categorically invalid, but they can be effective at intimidating small open-source projects into compliance.",
			"timeAdded": "2014-06-30T10:56:55+0300",
			"homepage": "https://ssl.bblck.me/",
			"expires": 172800,
			"displayNumber": 5,
			"groupId": 6,
			"subscriptionUrl": "https://ssl.bblck.me/blacklists/adblock-plus.txt",
			"version": "2.0.0.24",
			"timeUpdated": "2019-06-03T15:02:00+0300",
			"languages": [],
			"tags": []
		},
		{
			"filterId": 241,
			"name": "Fanboy's Cookiemonster List",
			"description": "This will remove cookie and privacy warnings (List already included in Annoyances List, don't add list if you're using the Annoyances List)",
			"timeAdded": "2014-06-30T10:56:55+0300",
			"homepage": "http://www.fanboy.co.nz/",
			"expires": 172800,
			"displayNumber": 5,
			"groupId": 4,
			"subscriptionUrl": "https://www.fanboy.co.nz/fanboy-cookiemonster.txt",
			"version": "2.0.33.70",
			"timeUpdated": "2019-06-28T15:01:55+0300",
			"languages": [],
			"tags": [
				6
			]
		},
		{
			"filterId": 242,
			"name": "NoCoin Filter List",
			"description": "This filter disables browser based miners such as coin-hive.",
			"timeAdded": "2018-02-14T20:15:11+0300",
			"homepage": "https://github.com/hoshsadiq/adblock-nocoin-list/",
			"expires": 172800,
			"displayNumber": 3,
			"groupId": 5,
			"subscriptionUrl": "https://raw.githubusercontent.com/hoshsadiq/adblock-nocoin-list/master/nocoin.txt",
			"version": "1.0.1.79",
			"timeUpdated": "2019-06-24T03:01:43+0300",
			"languages": [],
			"tags": [
				4
			]
		},
		{
			"filterId": 243,
			"name": "Frellwit's Swedish Filter",
			"description": "A filter for uBlock Origin that aims to remove regional Swedish ads, tracking, social media, annoyances, sponsored articles etc.",
			"timeAdded": "2018-02-15T21:41:31+0300",
			"homepage": "https://github.com/lassekongo83/Frellwit-s-filter-lists",
			"expires": 172800,
			"displayNumber": 2,
			"groupId": 7,
			"subscriptionUrl": "https://raw.githubusercontent.com/lassekongo83/Frellwits-filter-lists/master/Frellwits-Swedish-Filter.txt",
			"version": "2.0.5.12",
			"timeUpdated": "2019-06-27T09:01:34+0300",
			"languages": [
				"sv"
			],
			"tags": [
				10,
				1,
				5,
				2,
				3,
				55
			]
		},
		{
			"filterId": 244,
			"name": "YousList",
			"description": "Filter that blocks ads on Korean sites.",
			"timeAdded": "2018-02-15T21:41:31+0300",
			"homepage": "https://github.com/yous/YousList/",
			"expires": 172800,
			"displayNumber": 2,
			"groupId": 7,
			"subscriptionUrl": "https://raw.githubusercontent.com/yous/YousList/master/youslist.txt",
			"version": "2.0.3.78",
			"timeUpdated": "2019-06-27T06:01:41+0300",
			"languages": [],
			"tags": [
				1,
				56
			]
		},
		{
			"filterId": 245,
			"name": "AlleBlock",
			"description": "Filters that removes annoying elements from Polish e-commerce sites",
			"timeAdded": "2018-02-15T22:09:58+0300",
			"homepage": "https://github.com/maciejtarmas/AlleBlock",
			"expires": 172800,
			"displayNumber": 2,
			"groupId": 7,
			"subscriptionUrl": "https://alleblock.pl/alleblock/alleblock.txt",
			"version": "2.0.1.8",
			"timeUpdated": "2019-06-27T00:01:42+0300",
			"languages": [],
			"tags": [
				41,
				5
			]
		},
		{
			"filterId": 246,
			"name": "EasyList Polish",
			"description": "Polish supplement for EasyList",
			"timeAdded": "2018-03-26T11:35:42+0300",
			"homepage": "https://easylist.to/",
			"expires": 172800,
			"displayNumber": 2,
			"groupId": 7,
			"subscriptionUrl": "https://easylist-downloads.adblockplus.org/easylistpolish.txt",
			"version": "2.0.38.77",
			"timeUpdated": "2019-06-28T15:01:58+0300",
			"languages": [],
			"tags": [
				1,
				9,
				41
			]
		},
		{
			"filterId": 247,
			"name": "Polskie Filtry RSS",
			"description": "The list is a supplement to Polish social filters for blocking RSS elements.",
			"timeAdded": "2018-03-30T15:15:13+0300",
			"homepage": "https://github.com/PolishFiltersTeam/PolishRSSFilters",
			"expires": 172800,
			"displayNumber": 2,
			"groupId": 7,
			"subscriptionUrl": "https://raw.githubusercontent.com/PolishFiltersTeam/PolishRSSFilters/master/polish_rss_filters.txt",
			"version": "2.0.1.33",
			"timeUpdated": "2019-06-24T03:01:46+0300",
			"languages": [],
			"tags": [
				41,
				5,
				62
			]
		},
		{
			"filterId": 249,
			"name": "Dandelion Sprout's Nordic Filters",
			"description": "This list covers websites for Norway, Denmark, Iceland, Danish territories, and the Sami indigenous population. For more information, details, helpful tools, and other lists that I've made, visit https://github.com/DandelionSprout/adfilt/blob/master/Wiki/General-info.md#english.",
			"timeAdded": "2018-03-30T15:15:13+0300",
			"homepage": "https://github.com/DandelionSprout/adfilt",
			"expires": 172800,
			"displayNumber": 249,
			"groupId": 7,
			"subscriptionUrl": "https://raw.githubusercontent.com/DandelionSprout/adfilt/master/NorwegianList.txt",
			"version": "2.0.1.98",
			"timeUpdated": "2019-06-20T03:02:00+0300",
			"languages": [
				"no",
				"da",
				"is",
				"fo"
			],
			"tags": [
				10,
				1,
				4,
				43,
				49,
				42,
				63
			]
		},
		{
			"filterId": 10,
			"name": "Filter unblocking search ads and self-promotion",
			"description": "Filter that unblocks search (Duckduckgo, Google, Bing, Yahoo) and self-promo ads. Self-promotion definition: when an ad on a website is promoting this very website or other websites/social media/etc closely related to it, such ad is considered a self-promoting one.",
			"timeAdded": "2014-06-30T10:56:55+0300",
			"homepage": "https://kb.adguard.com/en/general/search-ads-and-self-promotion",
			"expires": 172800,
			"displayNumber": 1,
			"groupId": 6,
			"subscriptionUrl": "https://filters.adtidy.org/extension/chromium/filters/10.txt",
			"version": "2.0.0.66",
			"timeUpdated": "2019-06-16T20:30:08+0300",
			"languages": [],
			"tags": []
		},
		{
			"filterId": 11,
			"name": "AdGuard Mobile Ads filter",
			"description": "Filter for all known mobile ad networks. Useful for mobile devices.",
			"timeAdded": "2014-06-30T10:56:55+0300",
			"homepage": "https://kb.adguard.com/en/general/adguard-ad-filters#mobile-ads-filter",
			"expires": 172800,
			"displayNumber": 2,
			"groupId": 1,
			"subscriptionUrl": "https://filters.adtidy.org/extension/chromium/filters/11.txt",
			"version": "2.0.6.45",
			"timeUpdated": "2019-06-28T13:30:10+0300",
			"languages": [],
			"tags": [
				1,
				2,
				10,
				11,
				19
			]
		},
		{
			"filterId": 12,
			"name": "AdGuard Safari filter",
			"description": "Special filter for Safari 9+ on iOS and Mac OS. We need a separate filter for Safari browser because it does not fully support our rules syntax.",
			"timeAdded": "2014-06-30T10:56:55+0300",
			"homepage": "https://kb.adguard.com/en/general/adguard-ad-filters#safari-filter",
			"expires": 172800,
			"displayNumber": 2,
			"groupId": 6,
			"subscriptionUrl": "https://filters.adtidy.org/extension/chromium/filters/12.txt",
			"version": "2.0.1.39",
			"timeUpdated": "2019-06-21T19:30:12+0300",
			"languages": [],
			"tags": [
				1,
				20,
				11,
				21,
				22,
				23,
				46
			]
		},
		{
			"filterId": 13,
			"name": "AdGuard Turkish filter",
			"description": "Filter list that specifically removes ads on websites in Turkish language.",
			"timeAdded": "2014-06-30T10:56:55+0300",
			"homepage": "https://kb.adguard.com/en/general/adguard-ad-filters#turkish-filter",
			"expires": 172800,
			"displayNumber": 1,
			"groupId": 7,
			"subscriptionUrl": "https://filters.adtidy.org/extension/chromium/filters/13.txt",
			"version": "2.0.6.99",
			"timeUpdated": "2019-06-25T23:30:15+0300",
			"languages": [
				"tr"
			],
			"tags": [
				1,
				10,
				11,
				24
			]
		},
		{
			"filterId": 14,
			"name": "AdGuard Annoyances filter",
			"description": "Blocks irritating elements on web pages including cookie notices, third-party widgets and in-page pop-ups.",
			"timeAdded": "2014-06-30T10:56:55+0300",
			"homepage": "https://kb.adguard.com/en/general/adguard-ad-filters#annoyances-filter",
			"expires": 172800,
			"displayNumber": 1,
			"groupId": 4,
			"subscriptionUrl": "https://filters.adtidy.org/extension/chromium/filters/14.txt",
			"version": "2.0.22.62",
			"timeUpdated": "2019-06-28T15:02:11+0300",
			"languages": [],
			"tags": [
				5,
				10,
				11
			]
		},
		{
			"filterId": 15,
			"name": "AdGuard Simplified domain names filter",
			"description": "Filter composed of several other filters (English filter, Social media filter, Spyware filter, Mobile Ads filter, EasyList and EasyPrivacy) and simplified specifically to be better compatible with DNS-level ad blocking.",
			"timeAdded": "2014-06-30T10:56:55+0300",
			"homepage": "https://kb.adguard.com/en/general/adguard-ad-filters#simplified-domain-names-filter",
			"expires": 172800,
			"displayNumber": 3,
			"groupId": 6,
			"subscriptionUrl": "https://filters.adtidy.org/extension/chromium/filters/15.txt",
			"version": "2.0.5.47",
			"timeUpdated": "2019-06-27T20:30:20+0300",
			"languages": [],
			"tags": [
				45,
				1,
				2,
				9,
				11,
				25,
				26,
				13,
				58,
				59,
				60,
				61
			]
		},
		{
			"filterId": 16,
			"name": "AdGuard French filter",
			"description": "Liste FR + AdGuard French filter. Filter list that specifically removes ads on websites in French language.",
			"timeAdded": "2014-06-30T10:56:55+0300",
			"homepage": "https://kb.adguard.com/en/general/adguard-ad-filters#french-filter",
			"expires": 172800,
			"displayNumber": 1,
			"groupId": 7,
			"subscriptionUrl": "https://filters.adtidy.org/extension/chromium/filters/16.txt",
			"version": "2.0.15.56",
			"timeUpdated": "2019-06-27T01:30:23+0300",
			"languages": [
				"fr"
			],
			"tags": [
				1,
				10,
				11,
				27,
				28
			]
		},
		{
			"filterId": 1,
			"name": "AdGuard Russian filter",
			"description": "Filter that enables ad blocking on websites in Russian language.",
			"timeAdded": "2014-06-30T10:56:55+0300",
			"homepage": "https://kb.adguard.com/general/adguard-ad-filters#russian",
			"expires": 172800,
			"displayNumber": 1,
			"groupId": 7,
			"subscriptionUrl": "https://filters.adtidy.org/extension/chromium/filters/1.txt",
			"version": "2.0.16.32",
			"timeUpdated": "2019-06-28T15:02:21+0300",
			"languages": [
				"ru"
			],
			"tags": [
				1,
				8,
				10,
				11
			]
		},
		{
			"filterId": 2,
			"name": "AdGuard Base filter",
			"description": "EasyList + AdGuard English filter. This filter is necessary for quality ad blocking.",
			"timeAdded": "2014-06-30T10:56:55+0300",
			"homepage": "https://kb.adguard.com/en/general/adguard-ad-filters#english",
			"expires": 172800,
			"displayNumber": 1,
			"groupId": 1,
			"subscriptionUrl": "https://filters.adtidy.org/extension/chromium/filters/2.txt",
			"version": "2.0.58.76",
			"timeUpdated": "2019-06-28T15:02:38+0300",
			"languages": [],
			"tags": [
				10,
				1,
				9,
				11
			]
		},
		{
			"filterId": 3,
			"name": "AdGuard Tracking Protection filter",
			"description": "The most comprehensive list of various online counters and web analytics tools. Use this filter if you do not want your actions on the Internet to be tracked.",
			"timeAdded": "2014-06-30T10:56:55+0300",
			"homepage": "https://kb.adguard.com/en/general/adguard-ad-filters#spyware-filter",
			"expires": 172800,
			"displayNumber": 1,
			"groupId": 2,
			"subscriptionUrl": "https://filters.adtidy.org/extension/chromium/filters/3.txt",
			"version": "2.0.7.56",
			"timeUpdated": "2019-06-28T15:02:40+0300",
			"languages": [],
			"tags": [
				2,
				10
			]
		},
		{
			"filterId": 4,
			"name": "AdGuard Social Media filter",
			"description": "Filter for social media widgets (Like buttons and such)",
			"timeAdded": "2014-06-30T10:56:55+0300",
			"homepage": "https://kb.adguard.com/en/general/adguard-ad-filters#social-media-filter",
			"expires": 172800,
			"displayNumber": 1,
			"groupId": 3,
			"subscriptionUrl": "https://filters.adtidy.org/extension/chromium/filters/4.txt",
			"version": "2.0.12.58",
			"timeUpdated": "2019-06-27T15:30:50+0300",
			"languages": [],
			"tags": [
				3,
				10
			]
		},
		{
			"filterId": 5,
			"name": "AdGuard Experimental filter",
			"description": "Filter designed to test certain hazardous filtering rules before they are added to the basic filters.",
			"timeAdded": "2014-06-30T10:56:55+0300",
			"homepage": "https://kb.adguard.com/en/general/adguard-ad-filters#experimental",
			"expires": 172800,
			"displayNumber": 4,
			"groupId": 6,
			"subscriptionUrl": "https://filters.adtidy.org/extension/chromium/filters/5.txt",
			"version": "2.0.0.50",
			"timeUpdated": "2019-03-12T15:40:22+0300",
			"languages": [],
			"tags": [
				45
			]
		},
		{
			"filterId": 6,
			"name": "AdGuard German filter",
			"description": "EasyList Germany + AdGuard German filter. Filter list that specifically removes ads on websites in German language.",
			"timeAdded": "2014-06-30T10:56:55+0300",
			"homepage": "https://kb.adguard.com/en/general/adguard-ad-filters#german",
			"expires": 172800,
			"displayNumber": 1,
			"groupId": 7,
			"subscriptionUrl": "https://filters.adtidy.org/extension/chromium/filters/6.txt",
			"version": "2.0.7.22",
			"timeUpdated": "2019-06-27T02:30:57+0300",
			"languages": [
				"de"
			],
			"tags": [
				1,
				10,
				12,
				13
			]
		},
		{
			"filterId": 7,
			"name": "AdGuard Japanese filter",
			"description": "Filter that enables ad blocking on websites in Japanese language.",
			"timeAdded": "2014-06-30T10:56:55+0300",
			"homepage": "https://kb.adguard.com/en/general/adguard-ad-filters#japanese-filter",
			"expires": 172800,
			"displayNumber": 1,
			"groupId": 7,
			"subscriptionUrl": "https://filters.adtidy.org/extension/chromium/filters/7.txt",
			"version": "2.0.1.96",
			"timeUpdated": "2019-06-27T16:31:26+0300",
			"languages": [
				"ja"
			],
			"tags": [
				1,
				10,
				14
			]
		},
		{
			"filterId": 8,
			"name": "AdGuard Dutch filter",
			"description": "EasyList Dutch + AdGuard Dutch filter. Filter list that specifically removes ads on websites in Dutch language.",
			"timeAdded": "2014-06-30T10:56:55+0300",
			"homepage": "https://kb.adguard.com/en/general/adguard-ad-filters#dutch-filter",
			"expires": 172800,
			"displayNumber": 1,
			"groupId": 7,
			"subscriptionUrl": "https://filters.adtidy.org/extension/chromium/filters/8.txt",
			"version": "2.0.0.57",
			"timeUpdated": "2019-06-18T15:03:17+0300",
			"languages": [
				"nl"
			],
			"tags": [
				1,
				10,
				11,
				15,
				16
			]
		},
		{
			"filterId": 9,
			"name": "AdGuard Spanish/Portuguese filter",
			"description": "Filter list that specifically removes ads on websites in Spanish and Portuguese languages.",
			"timeAdded": "2014-06-30T10:56:55+0300",
			"homepage": "https://kb.adguard.com/en/general/adguard-ad-filters#spanish-portuguese-filter",
			"expires": 172800,
			"displayNumber": 1,
			"groupId": 7,
			"subscriptionUrl": "https://filters.adtidy.org/extension/chromium/filters/9.txt",
			"version": "2.0.4.4",
			"timeUpdated": "2019-06-26T17:31:10+0300",
			"languages": [
				"es",
				"pt"
			],
			"tags": [
				1,
				10,
				17,
				18
			]
		}
	]
}